,Name,Link,Full Name,Position,Age,Birthdate,Height (cm),Height (ft/in),Weight (kg),Weight (lbs),Overall rating,Potential,Value,Wage,Crossing,Finishing,Heading accuracy,Short passing,Volleys,Crossing.1,Finishing.1,Heading accuracy.1,Short passing.1,Volleys.1,Dribbling,Curve,FK Accuracy,Long passing,Ball control,Acceleration,Sprint speed,Agility,Reactions,Balance,Shot power,Jumping,Stamina,Strength,Long shots,Aggression,Interceptions,Att. Position,Vision,Penalties,Composure,Defensive awareness,Standing tackle,Sliding tackle,GK Diving,GK Handling,GK Kicking,GK Positioning,GK Reflexes
0,S. Berge,https://sofifa.com/player/228092/sander-berge/240048/,Sander Gard Bolin Berge,CM,25y.o.,18-Feb-98,195cm,"6'5""",96kg,212lbs,75,78,€7.5M,€40K,66,63,79,78,51,66,63,79,78,51,75,72,51,76,77,55,69,56,73,54,76,86,81,91,62,74,74,69,74,54,81,75,75,69,14,9,10,8,10
1,Samu,https://sofifa.com/player/277581/samuel-omorodion-aghehowa/240048/,Samuel Omorodion Aghehowa,ST,19y.o.,5-May-04,193cm,"6'4""",82kg,181lbs,72,83,€5M,€21K,35,76,74,67,62,35,76,74,67,62,70,41,50,48,71,65,74,55,69,44,71,82,65,80,69,32,16,75,47,57,59,20,12,13,11,12,11,8,8
2,J. Álvarez,https://sofifa.com/player/246191/julian-alvarez/240048/,Julián Álvarez,CF ST CAM,23y.o.,31-Jan-00,170cm,"5'7""",71kg,157lbs,83,87,€52.5M,€150K,77,83,69,78,76,77,83,69,78,76,83,84,80,74,85,85,80,87,86,87,86,80,85,70,83,84,52,84,81,73,84,60,55,46,6,10,8,15,6
3,Zubimendi,https://sofifa.com/player/248148/martin-zubimendi-ibanez/240048/,Martín Zubimendi Ibáñez,CDM CM,24y.o.,2-Feb-99,181cm,"5'11""",74kg,163lbs,81,86,€35.5M,€33K,65,67,65,82,49,65,67,65,82,49,72,67,47,80,80,66,63,72,84,75,61,71,79,68,69,70,83,79,76,45,81,77,81,79,7,6,12,14,13
4,P. Ng,https://sofifa.com/player/223905/perry-ng/240048/,Perry Ng Tian-Hee,RB CB,27y.o.,24-Jun-96,180cm,"5'11""",77kg,170lbs,72,73,€2.5M,€13K,62,37,69,68,47,62,37,69,68,47,60,49,63,64,69,71,74,64,69,63,51,76,83,70,54,67,67,57,59,45,65,69,70,68,10,6,8,16,7
5,A. Varela,https://sofifa.com/player/260599/alan-varela/240048/,Alan Gonzalo Varela,CDM CM,21y.o.,4-Jul-01,177cm,"5'10""",73kg,161lbs,77,84,€20M,€10K,66,54,57,81,63,66,54,57,81,63,70,78,53,74,76,69,66,71,75,75,78,72,82,74,62,82,76,65,73,62,80,78,72,74,8,11,14,5,13
6,Galeno,https://sofifa.com/player/239482/wenderson-nascimento-galeno/240048/,Wenderson Rodrigues do Nascimento Galeno,LM,25y.o.,22-Oct-97,179cm,"5'10""",62kg,137lbs,78,79,€17M,€15K,68,79,41,69,65,68,79,41,69,65,83,78,70,55,80,91,93,84,78,73,75,69,81,67,74,52,45,79,69,59,85,34,39,29,13,6,13,11,15
7,W. Pacho,https://sofifa.com/player/256196/willian-pacho/240048/,Willian Joel Pacho Tenorio,CB,21y.o.,16-Oct-01,186cm,"6'1""",81kg,179lbs,78,85,€26.5M,€25K,46,30,70,72,26,46,30,70,72,26,52,31,38,69,67,80,85,63,76,58,41,87,69,86,29,77,78,36,47,36,81,79,81,76,9,12,12,13,10
8,K. Havertz,https://sofifa.com/player/235790/kai-havertz/240048/,Kai Lukas Havertz,CAM CM ST,24y.o.,11-Jun-99,193cm,"6'4""",82kg,181lbs,82,87,€46M,€110K,74,83,83,84,80,74,83,83,84,80,84,84,53,79,85,75,81,75,83,68,76,84,77,70,78,56,43,84,81,83,84,45,47,41,6,8,11,10,12
9,João Neves,https://sofifa.com/player/272834/joao-pedro-goncalves-neves/240048/,João Pedro Gonçalves Neves,CM,18y.o.,27-Sep-04,174cm,"5'9""",66kg,146lbs,77,88,€22M,€5K,63,53,62,80,66,63,53,62,80,66,76,67,53,79,79,78,75,79,82,78,71,75,90,68,55,81,79,72,76,56,81,77,77,72,8,7,5,13,13
10,J. Mateta,https://sofifa.com/player/236461/jean-philippe-mateta/240048/,Jean-Philippe Mateta,ST,26y.o.,28-Jun-97,192cm,"6'4""",88kg,194lbs,76,78,€9.5M,€41K,49,77,76,72,74,49,77,76,72,74,76,59,39,56,76,65,76,61,74,48,82,87,66,88,62,83,41,75,65,75,77,35,34,26,8,8,7,13,11
11,J. Bellingham,https://sofifa.com/player/270964/jobe-bellingham/240048/,Jobe Bellingham,CM CAM ST,17y.o.,23-Sep-05,191cm,"6'3""",75kg,165lbs,66,82,€2.1M,€1K,53,61,64,67,47,53,61,64,67,47,69,55,44,65,70,65,71,68,61,70,59,69,73,63,58,56,64,65,66,45,68,61,66,60,10,10,13,15,11
12,Gabriel Sara,https://sofifa.com/player/270571/gabriel-davi-gomes-sara/240048/,Gabriel Davi Gomes Sara,CAM CM RM,24y.o.,26-Jun-99,177cm,"5'10""",79kg,174lbs,76,82,€12M,€30K,73,72,68,79,67,73,72,68,79,67,75,77,76,78,77,74,75,71,75,76,86,81,83,79,74,77,55,77,79,50,78,57,62,52,14,14,10,6,9
13,M. Olise,https://sofifa.com/player/247827/michael-olise/240048/,Michael Olise,RM RW CAM,21y.o.,12-Dec-01,181cm,"5'11""",73kg,161lbs,80,88,€47.5M,€37K,80,77,36,80,65,80,77,36,80,65,84,80,76,77,82,82,79,91,75,86,76,55,68,46,72,68,50,75,83,69,79,52,56,51,9,11,9,10,10
14,W. Zaïre-Emery,https://sofifa.com/player/270673/warren-zaire-emery/240048/,Warren Zaïre-Emery,CM CDM,17y.o.,8-Mar-06,178cm,"5'10""",68kg,150lbs,80,90,€43.5M,€11K,66,66,66,82,49,66,66,66,82,49,78,64,53,81,81,80,78,74,79,84,76,80,84,75,69,76,78,76,80,59,77,71,80,73,14,11,7,8,15
15,R. Calafiori,https://sofifa.com/player/257711/riccardo-calafiori/240048/,Riccardo Calafiori,CB LB,21y.o.,19-May-02,188cm,"6'2""",86kg,190lbs,76,85,€15.5M,€20K,74,28,74,75,53,74,28,74,75,53,69,72,65,67,74,69,73,70,73,69,74,82,76,79,72,77,74,62,56,49,67,75,79,76,9,11,5,6,11
16,N. Füllkrug,https://sofifa.com/player/205431/niclas-fullkrug/240048/,Niclas Füllkrug,ST,30y.o.,9-Feb-93,188cm,"6'2""",83kg,183lbs,81,81,€25.5M,€60K,65,84,86,77,79,65,84,86,77,79,74,72,68,59,79,62,62,64,83,62,86,88,66,86,78,78,24,84,76,88,80,41,46,30,15,9,10,13,9
17,Palhinha,https://sofifa.com/player/229391/joao-maria-palhinha-goncalves/240048/,João Maria Lobo Alves Palhinha Gonçalves,CDM,27y.o.,9-Jul-95,190cm,"6'3""",85kg,187lbs,84,85,€43M,€110K,60,66,79,79,55,60,66,79,79,55,77,66,45,80,81,63,67,64,80,57,81,86,88,90,67,95,83,69,72,57,84,84,88,87,14,10,8,7,7
18,M. Ugarte,https://sofifa.com/player/253306/manuel-ugarte/240048/,Manuel Ugarte Ribeiro,CDM CM,22y.o.,11-Apr-01,182cm,"6'0""",77kg,170lbs,81,86,€36.5M,€69K,62,65,55,80,45,62,65,55,80,45,79,62,58,79,77,72,72,69,80,72,67,74,83,77,65,88,83,75,75,62,84,79,83,77,6,10,16,8,13
19,A. Güler,https://sofifa.com/player/264309/arda-guler/240048/,Arda Güler,CAM RM,18y.o.,25-Feb-05,175cm,"5'9""",70kg,154lbs,77,88,€22M,€41K,80,68,41,81,70,80,68,41,81,70,83,84,76,79,81,75,69,82,73,85,72,50,70,43,73,42,55,68,80,71,77,52,57,46,13,10,11,14,10
20,T. Almada,https://sofifa.com/player/245371/thiago-almada/240048/,Thiago Ezequiel Almada,CAM CM CF,22y.o.,26-Apr-01,171cm,"5'7""",62kg,137lbs,80,88,€47.5M,€11K,66,72,39,79,73,66,72,39,79,73,82,85,84,73,84,91,81,92,74,93,75,57,75,55,75,64,58,81,76,75,81,44,57,51,12,8,9,8,10
21,J. Zirkzee,https://sofifa.com/player/250961/joshua-zirkzee/240048/,Joshua Orobosa Zirkzee,ST,22y.o.,22-May-01,193cm,"6'4""",89kg,196lbs,79,87,€39.5M,€37K,55,80,74,78,75,55,80,74,78,75,83,68,66,65,85,74,76,84,74,60,78,86,67,83,78,51,14,78,78,77,83,20,20,19,6,11,12,8,14
22,G. Rutter,https://sofifa.com/player/245637/georginio-rutter/240048/,Georginio Rutter,CAM ST,21y.o.,20-Apr-02,182cm,"6'0""",77kg,170lbs,76,86,€17M,€31K,65,68,69,75,68,65,68,69,75,68,81,60,45,70,79,77,80,77,74,80,75,83,72,80,69,35,18,74,76,64,74,45,45,45,6,10,14,10,10
23,Y. Asprilla,https://sofifa.com/player/271464/yaser-asprilla/240048/,Yáser Asprilla Martínez,RW CAM RM,19y.o.,19-Nov-03,175cm,"5'9""",75kg,165lbs,70,81,€3.4M,€12K,62,64,42,69,48,62,64,42,69,48,73,69,53,72,72,76,74,76,65,64,74,62,63,64,69,48,40,66,72,54,66,48,54,43,13,13,8,12,14
24,R. Højlund,https://sofifa.com/player/259399/rasmus-hojlund/240048/,Rasmus Winther Højlund,ST,20y.o.,4-Feb-03,191cm,"6'3""",79kg,174lbs,78,89,€31M,€82K,38,78,70,72,68,38,78,70,72,68,76,58,48,49,75,82,86,69,78,63,83,88,78,86,70,82,28,80,65,70,75,32,28,19,12,8,9,14,7
25,F. Chiesa,https://sofifa.com/player/235805/federico-chiesa/240048/,Federico Chiesa,LM ST LW,25y.o.,25-Oct-97,175cm,"5'9""",70kg,154lbs,84,85,€50.5M,€140K,75,83,53,78,84,75,83,53,78,84,89,78,62,76,83,92,92,89,84,84,86,76,85,70,84,74,54,84,77,62,82,51,51,48,6,7,8,9,7
26,S. Giménez,https://sofifa.com/player/245152/santiago-gimenez/240048/,Santiago Tomás Giménez,ST,22y.o.,18-Apr-01,182cm,"6'0""",69kg,152lbs,79,84,€27.5M,€20K,64,82,80,74,70,64,82,80,74,70,77,72,52,69,77,77,75,75,74,70,83,82,80,79,76,78,51,84,75,81,78,55,39,22,6,14,12,6,10
27,C. Gallagher,https://sofifa.com/player/238216/conor-gallagher/240048/,Conor Gallagher,CM CAM CDM,23y.o.,6-Feb-00,182cm,"6'0""",74kg,163lbs,79,83,€25M,€89K,68,72,50,80,62,68,72,50,80,62,78,68,73,79,79,72,77,70,80,70,79,70,93,72,77,86,77,76,76,59,75,73,81,71,7,6,15,9,9
28,J. Hato,https://sofifa.com/player/272978/jorrel-hato/240048/,Jorrel Hato,CB LB,17y.o.,7-Mar-06,182cm,"6'0""",76kg,168lbs,73,88,€6.5M,€550,55,36,67,77,35,55,36,67,77,35,67,54,31,73,74,82,88,75,75,75,53,86,71,67,29,67,77,52,64,34,72,72,74,70,8,5,5,13,9
29,D. Solanke,https://sofifa.com/player/225539/dominic-solanke/240048/,Dominic Solanke,ST,25y.o.,14-Sep-97,187cm,"6'2""",80kg,176lbs,78,80,€18M,€53K,54,82,75,74,77,54,82,75,74,77,77,56,47,59,75,67,82,64,77,67,80,83,86,83,72,75,22,81,71,72,77,21,25,22,9,15,14,9,10
30,W. Weghorst,https://sofifa.com/player/223689/wout-weghorst/240048/,Wout Weghorst,ST,30y.o.,7-Aug-92,197cm,"6'6""",84kg,185lbs,77,77,€10.5M,€51K,38,75,86,77,76,38,75,86,77,76,65,40,48,54,80,52,60,54,81,40,84,88,79,90,68,87,54,80,70,71,74,48,64,52,11,9,14,16,12
31,D. Szoboszlai,https://sofifa.com/player/236772/dominik-szoboszlai/240048/,Dominik Szoboszlai,CAM CM,22y.o.,25-Oct-00,186cm,"6'1""",74kg,163lbs,81,86,€39.5M,€100K,85,77,60,83,85,85,77,60,83,85,81,90,87,81,81,78,87,79,80,68,89,74,82,67,87,63,57,79,83,79,79,58,61,54,10,10,13,10,6
32,M. Hjulmand,https://sofifa.com/player/244669/morten-hjulmand/240048/,Morten Due Hjulmand,CDM CM,24y.o.,25-Jun-99,185cm,"6'1""",77kg,170lbs,80,85,€29M,€14K,68,60,60,81,42,68,60,60,81,42,73,68,61,79,79,61,65,60,79,63,70,74,85,82,71,80,80,75,78,47,71,71,77,70,11,6,10,11,6
33,K. Mainoo,https://sofifa.com/player/269136/kobbie-mainoo/240048/,Kobbie Mainoo,CDM CM,18y.o.,19-Apr-05,184cm,"6'0""",80kg,176lbs,72,87,€5M,€16K,54,60,64,78,52,54,60,64,78,52,79,63,41,74,74,77,72,78,68,84,67,76,69,68,54,70,64,63,69,51,75,70,72,63,14,11,10,5,9
34,D. Doué,https://sofifa.com/player/271421/desire-doue/240048/,Désiré Doué,LM CAM,18y.o.,3-Jun-05,181cm,"5'11""",79kg,174lbs,74,85,€9M,€13K,60,68,38,73,56,60,68,38,73,56,82,63,59,70,80,79,78,77,71,75,73,62,66,64,68,55,46,68,74,56,74,47,52,49,9,12,7,5,13
35,T. Kubo,https://sofifa.com/player/237681/takefusa-kubo/240048/,久保 建英 Takefusa Kubo,RW ST RM,22y.o.,4-Jun-01,173cm,"5'8""",64kg,141lbs,81,88,€52.5M,€40K,77,81,49,78,67,77,81,49,78,67,84,75,74,74,84,89,79,86,79,83,73,69,74,58,74,43,28,79,76,63,72,40,43,46,6,7,15,10,10
36,V. Boniface,https://sofifa.com/player/247679/victor-boniface/240048/,Victor Okoh Boniface,ST,22y.o.,23-Dec-00,190cm,"6'3""",91kg,201lbs,81,86,€40M,€60K,48,80,77,75,75,48,80,77,75,75,84,70,58,60,83,69,79,68,78,58,86,87,73,88,78,79,33,84,71,72,78,38,31,26,14,5,7,7,12
37,J. Bellingham,https://sofifa.com/player/252371/jude-bellingham/240048/,Jude Victor William Bellingham,CAM CM,20y.o.,29-Jun-03,186cm,"6'1""",75kg,165lbs,88,92,€128.5M,€230K,66,87,69,89,74,66,87,69,89,74,88,73,56,87,87,81,80,82,89,79,79,82,93,77,80,85,82,88,87,74,87,77,79,77,14,11,10,5,8
38,L. Messi,https://sofifa.com/player/158023/lionel-messi/240048/,Lionel Andrés Messi Cuccittini,CF CAM,36y.o.,24-Jun-87,169cm,"5'7""",67kg,148lbs,90,90,€41M,€23K,83,89,60,91,86,83,89,60,91,86,96,93,93,90,93,87,74,91,88,95,83,71,70,68,90,44,40,91,92,75,96,20,35,24,6,11,15,14,8
39,C. Summerville,https://sofifa.com/player/251954/crysencio-summerville/240048/,Crysencio Summerville,LM RM,21y.o.,30-Oct-01,174cm,"5'9""",64kg,141lbs,76,84,€17M,€31K,69,75,41,72,54,69,75,41,72,54,80,68,65,47,76,93,90,88,71,83,71,65,74,57,66,47,18,72,71,69,72,44,38,26,9,9,15,11,10
40,R. Bardghji,https://sofifa.com/player/265600/roony-bardghji/240048/,Roony Bardghji,RW,17y.o.,15-Nov-05,173cm,"5'8""",67kg,148lbs,70,85,€3.6M,€3K,61,70,24,64,60,61,70,24,64,60,72,66,63,55,71,77,74,86,67,88,70,48,64,49,65,52,28,73,66,61,69,32,30,29,8,14,13,14,14
41,M. Tel,https://sofifa.com/player/268421/mathys-tel/240048/,Mathys Tel,ST LM RM,18y.o.,27-Apr-05,183cm,"6'0""",77kg,170lbs,75,88,€13M,€20K,56,79,65,68,73,56,79,65,68,73,79,68,56,59,77,79,85,78,64,76,86,76,53,67,73,48,18,77,71,64,74,22,27,32,12,9,15,7,11
42,João Félix,https://sofifa.com/player/242444/joao-felix-sequeira/240048/,João Félix Sequeira,CF ST LW,23y.o.,10-Nov-99,181cm,"5'11""",70kg,154lbs,81,87,€41M,€60K,77,78,69,81,83,77,78,69,81,83,86,83,67,73,84,82,80,88,80,84,80,77,75,62,81,68,40,81,80,68,84,30,42,35,13,12,14,13,14
43,R. Lavia,https://sofifa.com/player/263620/romeo-lavia/240048/,Roméo Lavia,CDM CM,19y.o.,6-Jan-04,181cm,"5'11""",76kg,168lbs,73,86,€7M,€32K,50,42,60,78,42,50,42,60,78,42,76,65,50,67,75,72,68,73,70,76,63,76,70,75,55,72,72,50,65,52,77,73,73,72,7,7,5,11,13
44,N. Barella,https://sofifa.com/player/224232/nicolo-barella/240048/,Nicolò Barella,CM,26y.o.,7-Feb-97,172cm,"5'8""",68kg,150lbs,86,87,€79.5M,€135K,79,78,53,88,80,79,78,53,88,80,81,79,67,85,87,83,78,90,89,90,80,75,94,73,79,84,83,83,83,73,86,80,83,81,11,5,13,14,11
45,Kim Min Jae,https://sofifa.com/player/237086/min-jae-kim/240048/,김민재 金敏在 Min-Jae Kim,CB,26y.o.,15-Nov-96,190cm,"6'3""",86kg,190lbs,84,86,€46M,€82K,35,23,81,75,24,35,23,81,75,24,57,36,23,64,68,75,84,65,82,65,51,84,77,87,37,84,85,48,57,30,74,86,87,85,13,7,11,14,11
46,K. Kvaratskhelia,https://sofifa.com/player/247635/khvicha-kvaratskhelia/240048/,Khvicha Kvaratskhelia,LW RW,22y.o.,12-Feb-01,183cm,"6'0""",70kg,154lbs,86,92,€109M,€95K,78,81,62,83,64,78,81,62,83,64,90,82,65,76,88,85,86,86,84,76,78,78,79,70,83,62,40,82,86,65,79,38,39,34,9,15,8,14,8
47,Arnau Martínez,https://sofifa.com/player/260815/arnau-martinez-lopez/240048/,Arnau Martínez López,RB CB RWB,20y.o.,25-Apr-03,182cm,"6'0""",72kg,159lbs,80,86,€30.5M,€22K,80,50,74,79,35,80,50,74,79,35,75,68,40,66,77,82,78,75,79,66,56,82,78,66,45,67,76,61,65,50,65,73,78,77,10,7,7,10,9
48,L. Yoro,https://sofifa.com/player/269087/leny-yoro/240048/,Leny Yoro,CB,17y.o.,13-Nov-05,190cm,"6'3""",75kg,165lbs,77,86,€20M,€1K,47,38,74,73,35,47,38,74,73,35,55,37,32,58,68,65,79,55,77,61,51,79,69,75,37,72,77,41,55,40,69,77,81,79,13,7,5,14,14
49,M. Rashford,https://sofifa.com/player/231677/marcus-rashford/240048/,Marcus Rashford,LM LW ST,25y.o.,31-Oct-97,186cm,"6'1""",70kg,154lbs,82,83,€36.5M,€130K,74,81,71,78,73,74,81,71,78,73,85,80,75,72,82,88,91,80,80,69,93,82,70,65,78,54,27,82,77,85,76,30,29,24,11,6,15,7,14
50,D. Núñez,https://sofifa.com/player/253072/darwin-nunez/240048/,Darwin Gabriel Núñez Ribeiro,ST LW,24y.o.,24-Jun-99,187cm,"6'2""",81kg,179lbs,83,87,€52.5M,€130K,69,81,80,74,78,69,81,80,74,78,79,75,61,68,79,88,92,78,84,66,86,94,88,85,77,84,44,87,78,78,78,39,47,36,14,10,12,10,13
51,Nico Williams,https://sofifa.com/player/256516/nicholas-williams-arthuer/240048/,Nicholas Williams Arthuer,LM RM,20y.o.,12-Jul-02,181cm,"5'11""",67kg,148lbs,82,88,€47.5M,€29K,77,75,65,78,64,77,75,65,78,64,88,76,72,59,85,94,93,92,80,84,78,79,81,60,72,55,40,76,80,62,78,36,28,25,9,13,12,12,14
52,S. Pafundi,https://sofifa.com/player/271575/simone-pafundi/240048/,Simone Pafundi,CAM CF CM,17y.o.,14-Mar-06,166cm,"5'5""",64kg,141lbs,68,86,€3M,€900,64,61,55,67,61,64,61,55,67,61,71,74,71,64,73,83,72,87,57,95,73,60,66,42,65,61,55,61,65,69,70,47,39,36,7,10,11,7,8
53,K. Thuram,https://sofifa.com/player/247246/khephren-thuram/240048/,Khéphren Thuram-Ulien,CM CDM,22y.o.,26-Mar-01,192cm,"6'4""",80kg,176lbs,78,83,€21.5M,€38K,72,72,76,82,55,72,72,76,82,55,80,72,56,78,80,73,72,71,77,70,74,87,80,80,69,70,76,77,78,59,78,77,77,74,7,9,14,11,9
54,C. Palmer,https://sofifa.com/player/257534/cole-palmer/240048/,Cole Palmer,RM RW CAM,21y.o.,6-May-02,189cm,"6'2""",74kg,163lbs,80,88,€47.5M,€80K,71,82,57,83,65,71,82,57,83,65,83,77,66,72,84,73,77,78,80,72,75,67,75,59,72,57,50,81,83,87,85,47,52,45,7,6,10,14,14
55,Lamine Yamal,https://sofifa.com/player/277643/lamine-yamal/202400/,لامين يامال نصراوي إبانا Lamine Yamal Nasraoui Ebana,RW LW ST,15y.o.,13-Jul-07,180cm,"5'11""",65kg,143lbs,76,91,€0,€0,69,75,33,72,49,69,75,33,72,49,84,75,45,64,82,84,81,87,63,74,70,54,57,45,78,42,18,70,66,48,65,23,20,28,9,13,7,10,7
56,E. Ferguson,https://sofifa.com/player/259608/evan-ferguson/240048/,Evan Ferguson,ST,18y.o.,19-Oct-04,188cm,"6'2""",75kg,165lbs,74,86,€10M,€26K,45,79,71,74,50,45,79,71,74,50,70,64,52,52,73,70,74,66,69,66,73,80,66,75,72,61,13,79,67,67,72,20,13,14,9,8,14,12,11
57,M. van de Ven,https://sofifa.com/player/264453/micky-van-de-ven/240048/,Mickey van de Ven,CB,22y.o.,19-Apr-01,193cm,"6'4""",81kg,179lbs,80,86,€31M,€69K,58,37,75,77,47,58,37,75,77,47,72,37,34,74,75,79,92,59,78,49,48,88,73,84,51,79,78,48,55,39,82,80,82,81,7,13,13,11,7
58,K. Mbappé,https://sofifa.com/player/231747/kylian-mbappe/240048/,Kylian Mbappé Lottin,ST LW,24y.o.,20-Dec-98,182cm,"6'0""",75kg,165lbs,91,94,€181.5M,€230K,78,94,73,86,84,78,94,73,86,84,93,80,69,71,92,97,97,93,93,82,90,88,88,77,83,64,38,93,83,84,88,26,34,32,13,5,7,11,6
59,K. Mbappé,https://sofifa.com/player/231747/kylian-mbappe/240048/,Kylian Mbappé Lottin,ST LW,24y.o.,20-Dec-98,182cm,"6'0""",75kg,165lbs,91,94,€181.5M,€230K,78,94,73,86,84,78,94,73,86,84,93,80,69,71,92,97,97,93,93,82,90,88,88,77,83,64,38,93,83,84,88,26,34,32,13,5,7,11,6
60,V. Osimhen,https://sofifa.com/player/232293/victor-osimhen/240048/,Victor James Osimhen,ST,24y.o.,29-Dec-98,186cm,"6'1""",77kg,170lbs,87,89,€104.5M,€100K,62,89,84,71,83,62,89,84,71,83,83,63,52,54,84,87,92,78,89,68,85,94,81,86,75,68,34,90,70,75,80,36,45,22,14,14,10,9,6
61,A. Griezmann,https://sofifa.com/player/194765/antoine-griezmann/240048/,Antoine Griezmann,ST,32y.o.,21-Mar-91,176cm,"5'9""",73kg,161lbs,88,88,€74M,€135K,82,90,85,89,86,82,90,85,89,86,88,89,85,86,89,81,80,89,90,84,85,85,86,69,87,74,59,90,88,79,89,45,63,64,14,8,14,13,14
62,K. Mbappé,https://sofifa.com/player/231747/kylian-mbappe/240048/,Kylian Mbappé Lottin,ST LW,24y.o.,20-Dec-98,182cm,"6'0""",75kg,165lbs,91,94,€181.5M,€230K,78,94,73,86,84,78,94,73,86,84,93,80,69,71,92,97,97,93,93,82,90,88,88,77,83,64,38,93,83,84,88,26,34,32,13,5,7,11,6
63,K. Mbappé,https://sofifa.com/player/231747/kylian-mbappe/240048/,Kylian Mbappé Lottin,ST LW,24y.o.,20-Dec-98,182cm,"6'0""",75kg,165lbs,91,94,€181.5M,€230K,78,94,73,86,84,78,94,73,86,84,93,80,69,71,92,97,97,93,93,82,90,88,88,77,83,64,38,93,83,84,88,26,34,32,13,5,7,11,6
64,E. Haaland,https://sofifa.com/player/239085/erling-haaland/240048/,Erling Braut Haaland,ST,22y.o.,21-Jul-00,195cm,"6'5""",94kg,207lbs,91,94,€185M,€340K,47,96,83,77,90,47,96,83,77,90,79,77,62,63,82,82,94,78,94,72,94,93,76,93,86,87,43,96,74,86,87,38,47,29,7,14,13,11,7
65,T. Baldanzi,https://sofifa.com/player/269312/tommaso-baldanzi/240048/,Tommaso Baldanzi,CAM CF,20y.o.,23-Mar-03,170cm,"5'7""",63kg,139lbs,77,87,€23M,€41K,68,69,44,78,70,68,69,44,78,70,82,75,64,68,80,79,78,83,70,88,77,52,68,40,74,53,33,79,79,58,69,42,41,48,12,9,10,12,7
66,Sávio,https://sofifa.com/player/270409/savio-moreira-de-oliveira/240048/,Sávio Moreira de Oliveira,LM CF LW,19y.o.,10-Apr-04,176cm,"5'9""",71kg,157lbs,80,88,€45.5M,€7K,80,76,45,77,63,80,76,45,77,63,86,78,55,67,82,88,87,88,73,76,69,61,73,45,67,45,25,76,76,62,70,26,30,36,9,12,8,9,12
67,G. Rulli,https://sofifa.com/player/215316/geronimo-rulli/240048/,Gerónimo Rulli,GK,31y.o.,20-May-92,189cm,"6'2""",84kg,185lbs,80,80,€11M,€16K,12,15,12,36,16,12,15,12,36,16,14,19,20,30,15,56,52,58,77,50,60,72,42,73,17,26,21,12,62,24,61,15,13,17,79,77,80,81,81
68,X. Simons,https://sofifa.com/player/245367/xavi-simons/240048/,Xavi Quentin Shay Simons,CAM LW LM,20y.o.,21-Apr-03,179cm,"5'10""",61kg,134lbs,82,89,€60.5M,€71K,74,78,60,82,62,74,78,60,82,62,85,82,65,76,85,89,85,89,81,84,78,71,84,67,80,79,65,75,81,61,78,60,62,56,9,11,5,8,10
69,M. Mudryk,https://sofifa.com/player/246340/mykhailo-mudryk/240048/,Mykhailo Mudryk,LM LW,22y.o.,5-Jan-01,175cm,"5'9""",61kg,134lbs,77,84,€21.5M,€76K,67,67,42,72,55,67,67,42,72,55,82,67,63,67,78,93,91,87,70,79,76,65,67,55,70,56,30,70,77,59,70,40,45,40,10,12,14,6,7
70,A. Onana,https://sofifa.com/player/257057/amadou-onana/240048/,Amadou Zeund Georges Ba Mvom Onana,CDM CM,21y.o.,16-Aug-01,192cm,"6'4""",76kg,168lbs,77,83,€15.5M,€26K,61,57,72,79,51,61,57,72,79,51,72,58,42,77,74,66,78,63,74,52,72,82,76,81,58,78,75,65,74,40,73,73,76,78,7,12,12,9,10
71,B. Šeško,https://sofifa.com/player/260592/benjamin-sesko/240048/,Benjamin Šeško,ST,20y.o.,31-May-03,195cm,"6'5""",85kg,187lbs,78,87,€31M,€41K,55,81,79,71,72,55,81,79,71,72,76,59,56,53,78,79,86,74,71,69,81,92,74,83,71,62,35,79,61,61,75,45,42,35,10,8,5,14,6
72,Éderson,https://sofifa.com/player/266866/ederson-jose-dos-santos/240048/,Éderson José dos Santos Lourenço da Silva,CM CAM,23y.o.,7-Jul-99,183cm,"6'0""",86kg,190lbs,79,84,€26.5M,€46K,64,67,64,80,59,64,67,64,80,59,79,65,49,78,82,72,70,69,78,70,74,77,85,75,69,79,76,74,78,57,78,76,79,74,14,10,12,13,13
73,R. Lewis,https://sofifa.com/player/271574/rico-lewis/240048/,Rico Lewis,RB CDM,18y.o.,21-Nov-04,169cm,"5'7""",70kg,154lbs,75,86,€11.5M,€23K,72,44,58,82,30,72,44,58,82,30,78,54,42,73,80,78,75,83,79,75,55,66,69,51,37,66,68,70,73,50,77,71,74,72,11,8,11,12,13
74,P. Brunner,https://sofifa.com/player/274126/paris-brunner/240048/,Paris Josua Brunner,ST LM,17y.o.,15-Feb-06,185cm,"6'1""",77kg,170lbs,65,87,€2.3M,€2K,42,72,60,61,63,42,72,60,61,63,68,63,40,39,64,69,68,71,59,67,62,69,57,64,59,48,24,62,50,59,59,20,28,20,10,7,12,8,6
75,A. Sørloth,https://sofifa.com/player/216549/alexander-sorloth/240048/,Alexander Sørloth,ST,27y.o.,5-Dec-95,195cm,"6'5""",94kg,207lbs,79,79,€19M,€40K,66,81,82,74,71,66,81,82,74,71,77,74,60,59,78,74,83,57,75,55,82,93,82,90,71,74,36,77,73,70,82,39,23,21,15,12,8,15,8
76,R. Le Normand,https://sofifa.com/player/233486/robin-le-normand/240048/,Robin Le Normand,CB,26y.o.,11-Nov-96,187cm,"6'2""",81kg,179lbs,82,85,€35.5M,€41K,35,19,85,78,38,35,19,85,78,38,52,34,25,67,72,58,66,41,82,51,40,86,70,86,22,72,82,21,32,34,73,84,86,80,9,13,14,15,10
77,M. O'Riley,https://sofifa.com/player/240734/matt-oriley/240048/,Matthew Sean O'Riley,CM CAM CDM,22y.o.,21-Nov-00,188cm,"6'2""",77kg,170lbs,78,85,€28.5M,€48K,74,77,66,80,74,74,77,66,80,74,76,77,72,79,77,69,69,74,79,82,80,75,85,74,75,71,67,79,82,72,80,66,71,67,14,12,5,13,6
78,J. Bakayoko,https://sofifa.com/player/265450/johan-bakayoko/240048/,Johan Bakayoko,RW,20y.o.,20-Apr-03,179cm,"5'10""",70kg,154lbs,78,88,€31M,€17K,75,72,58,71,64,75,72,58,71,64,84,78,57,58,81,88,86,86,77,66,68,70,75,68,67,40,23,71,68,57,72,24,35,27,7,14,7,6,9
79,A. Gray,https://sofifa.com/player/270208/archie-gray/240048/,Archie Gray,CM RB CDM,17y.o.,12-Mar-06,187cm,"6'2""",70kg,154lbs,72,86,€5.5M,€4K,67,59,65,75,55,67,59,65,75,55,74,60,55,73,74,74,77,72,72,72,62,75,75,70,60,71,70,68,70,57,75,70,70,70,15,12,13,6,5
80,Stefan Bajcetic,https://sofifa.com/player/271975/stefan-bajcetic-maquieira/240048/,Stefan Bajcetic Maquieira,CDM CM,18y.o.,22-Oct-04,185cm,"6'1""",77kg,170lbs,72,85,€5M,€15K,55,50,54,74,50,55,50,54,74,50,73,59,49,71,75,70,68,64,68,62,56,65,68,63,52,70,71,52,66,48,77,68,71,72,6,12,11,13,8
81,A. Isak,https://sofifa.com/player/233731/alexander-isak/240048/,Alexander Isak,ST LW,23y.o.,21-Sep-99,192cm,"6'4""",77kg,170lbs,83,87,€52.5M,€130K,66,86,77,78,79,66,86,77,78,79,87,70,65,59,86,82,85,81,83,73,82,88,78,76,76,58,38,85,79,83,85,35,34,29,7,6,9,7,11
82,Diogo Costa,https://sofifa.com/player/234577/diogo-meireles-costa/240048/,Diogo Meireles Costa,GK,23y.o.,19-Sep-99,192cm,"6'4""",84kg,185lbs,83,89,€46.5M,€14K,13,6,11,50,8,13,6,11,50,8,18,10,10,55,30,33,39,42,83,35,60,61,28,63,9,23,18,18,64,14,44,19,13,11,82,77,80,82,86
83,M. Guéhi,https://sofifa.com/player/241159/marc-guehi/240048/,Addji Keaninkin Marc-Israel Guéhi,CB,22y.o.,13-Jul-00,182cm,"6'0""",82kg,181lbs,78,84,€20.5M,€34K,35,42,77,77,32,35,42,77,77,32,67,45,32,75,74,70,77,69,81,65,49,84,72,77,26,73,79,35,54,38,75,81,80,78,8,9,11,12,12
84,J. David,https://sofifa.com/player/243630/jonathan-david/240048/,Jonathan Christian David,ST,23y.o.,14-Jan-00,175cm,"5'9""",70kg,154lbs,80,83,€29M,€39K,67,82,76,76,76,67,82,76,76,76,77,58,58,69,79,80,84,75,82,71,79,88,85,77,74,55,33,83,73,86,81,29,29,19,7,7,11,7,7
85,Lee Kang In,https://sofifa.com/player/243780/kang-in-lee/240048/,이강인 Kang-In Lee,CAM CM RW,22y.o.,19-Feb-01,173cm,"5'8""",66kg,146lbs,79,86,€35.5M,€68K,79,75,65,80,75,79,75,65,80,75,82,82,77,79,82,75,74,83,76,87,78,71,73,59,69,72,53,78,80,70,81,45,51,42,11,12,12,8,14
86,E. Camavinga,https://sofifa.com/player/248243/eduardo-camavinga/240048/,Eduardo Celmi Camavinga,CM CDM LB,20y.o.,10-Nov-02,182cm,"6'0""",68kg,150lbs,83,90,€71.5M,€135K,77,64,64,86,59,77,64,64,86,59,84,72,59,84,86,81,80,82,82,81,73,82,84,79,70,79,82,73,83,62,84,76,82,81,12,6,8,12,12
87,N. Madueke,https://sofifa.com/player/254796/noni-madueke/240048/,Chukwunonso Tristan Madueke,RM RW,21y.o.,10-Mar-02,182cm,"6'0""",75kg,165lbs,77,83,€17M,€65K,69,72,42,73,67,69,72,42,73,67,85,74,63,67,80,89,90,88,72,78,74,69,69,68,72,52,32,70,70,66,74,37,35,30,5,13,6,12,15
88,V. Barco,https://sofifa.com/player/263370/valentin-barco/240048/,Valentín Barco,LB LWB LM,18y.o.,23-Jul-04,172cm,"5'8""",68kg,150lbs,72,84,€5M,€13K,71,42,50,77,30,71,42,50,77,30,77,75,60,72,75,76,76,82,73,78,44,59,70,48,52,70,65,73,72,67,72,68,68,68,12,10,9,6,12
89,G. Restes,https://sofifa.com/player/265526/guillaume-restes/240048/,Guillaume Restes,GK,18y.o.,11-Mar-05,188cm,"6'2""",82kg,181lbs,75,87,€11.5M,€2K,17,9,12,35,7,17,9,12,35,7,8,13,13,31,17,35,38,31,67,39,56,59,36,61,7,22,13,9,35,15,28,11,16,14,76,72,75,73,78
90,A. Vermeeren,https://sofifa.com/player/269859/arthur-vermeeren/240048/,Arthur Vermeeren,CDM CM,18y.o.,7-Feb-05,180cm,"5'11""",71kg,157lbs,76,87,€15M,€12K,68,48,52,80,34,68,48,52,80,34,76,71,48,78,78,77,74,79,68,76,66,68,90,61,62,65,75,59,81,60,78,75,72,66,9,6,13,9,8
91,Mikel Merino,https://sofifa.com/player/225193/mikel-merino-zazon/240048/,Mikel Merino Zazón,CM CAM,27y.o.,22-Jun-96,189cm,"6'2""",83kg,183lbs,84,85,€48M,€54K,77,79,87,86,58,77,79,87,86,58,83,80,69,84,85,72,72,74,86,73,85,89,83,80,79,83,85,83,83,70,80,80,84,76,9,12,9,13,14
92,F. de Jong,https://sofifa.com/player/228702/frenkie-de-jong/240048/,Frenkie de Jong,CM CDM,26y.o.,12-May-97,181cm,"5'11""",74kg,163lbs,87,88,€93M,€240K,78,72,72,91,70,78,72,72,91,70,87,84,64,89,89,80,83,87,88,79,68,82,89,74,66,74,82,77,88,53,90,76,76,77,7,13,10,10,9
93,A. Bastoni,https://sofifa.com/player/237383/alessandro-bastoni/240048/,Alessandro Bastoni,CB,24y.o.,13-Apr-99,190cm,"6'3""",75kg,165lbs,85,90,€73.5M,€95K,70,26,82,80,35,70,26,82,80,35,73,55,36,84,77,68,77,60,86,57,50,86,81,83,40,83,87,39,69,47,84,87,86,83,11,5,9,11,12
94,Rafael Leão,https://sofifa.com/player/241721/rafael-da-conceicao-leao/240048/,Rafael Alexandre Conceição Leão,LW CF LM,24y.o.,10-Jun-99,188cm,"6'2""",81kg,179lbs,86,89,€93M,€110K,85,81,72,80,74,85,81,72,80,74,90,82,60,70,88,94,93,85,84,84,80,90,77,83,75,60,24,79,84,63,83,22,24,21,10,12,15,11,9
95,M. Caicedo,https://sofifa.com/player/256079/moises-caicedo/240048/,Moisés Isaac Caicedo Corozo,CDM CM,21y.o.,2-Nov-01,178cm,"5'10""",73kg,161lbs,80,86,€31M,€71K,57,57,58,83,55,57,57,58,83,55,74,63,55,77,81,77,70,73,78,75,71,74,83,70,70,78,80,62,75,55,79,77,81,79,15,6,13,9,13
96,J. Musiala,https://sofifa.com/player/256790/jamal-musiala/240048/,Jamal Musiala,CAM LM CM,20y.o.,26-Feb-03,184cm,"6'0""",72kg,159lbs,86,93,€134.5M,€79K,67,79,49,82,70,67,79,49,82,70,94,69,51,77,89,84,86,93,85,92,73,65,78,53,75,59,65,81,82,55,84,64,63,68,6,9,8,8,11
97,Pablo Barrios,https://sofifa.com/player/272449/pablo-barrios-rivas/240048/,Pablo Barrios Rivas,CM CDM,20y.o.,15-Jun-03,181cm,"5'11""",75kg,165lbs,76,86,€16.5M,€32K,57,69,57,80,45,57,69,57,80,45,75,47,48,79,77,77,75,72,73,62,72,71,64,63,70,62,78,72,79,62,75,66,71,63,5,15,9,13,10
98,Cristiano Ronaldo,https://sofifa.com/player/20801/c-ronaldo-dos-santos-aveiro/240048/,Cristiano Ronaldo dos Santos Aveiro,ST,38y.o.,5-Feb-85,187cm,"6'2""",85kg,187lbs,86,86,€23M,€66K,78,87,87,79,83,78,87,87,79,83,77,79,76,70,86,73,80,76,87,61,92,93,80,76,85,62,29,90,78,90,92,24,32,24,7,11,15,14,11
99,Marcos Llorente,https://sofifa.com/player/226161/marcos-llorente-moreno/240048/,Marcos Llorente Moreno,CM RM RWB,28y.o.,30-Jan-95,184cm,"6'0""",74kg,163lbs,84,84,€42M,€85K,76,81,67,83,66,76,81,67,83,66,82,75,63,82,81,87,91,83,83,68,84,84,91,77,79,80,83,84,81,65,79,79,82,74,13,6,6,11,15
100,Y. Moukoko,https://sofifa.com/player/240833/youssoufa-moukoko/240048/,Youssoufa Moukoko,ST,18y.o.,20-Nov-04,179cm,"5'10""",72kg,159lbs,77,87,€22.5M,€18K,47,79,69,71,77,47,79,69,71,77,79,68,42,48,81,82,79,85,77,86,78,79,68,68,67,52,32,78,59,60,75,30,31,25,13,13,11,10,13
101,R. Cherki,https://sofifa.com/player/251570/rayan-cherki/240048/,Mathis Rayan Cherki,CAM LW RW,19y.o.,17-Aug-03,177cm,"5'10""",71kg,157lbs,74,84,€9M,€16K,70,64,28,72,57,70,64,28,72,57,90,77,73,67,79,70,66,81,70,81,76,55,55,67,68,57,22,68,75,61,77,19,23,15,7,14,6,8,8
102,G. Mamardashvili,https://sofifa.com/player/262621/giorgi-mamardashvili/240048/,Giorgi Mamardashvili,GK,22y.o.,29-Sep-00,199cm,"6'6""",88kg,194lbs,82,85,€33.5M,€30K,13,9,14,20,7,13,9,14,20,7,11,11,10,20,22,48,48,40,74,26,54,71,45,74,7,25,8,8,34,11,26,5,12,10,82,82,72,83,84
103,Moleiro,https://sofifa.com/player/264388/alberto-moleiro-gonzalez/240048/,Alberto Moleiro González,LM CM CAM,19y.o.,30-Sep-03,172cm,"5'8""",67kg,148lbs,77,87,€23M,€12K,62,65,57,78,53,62,65,57,78,53,82,65,52,74,80,86,81,88,70,83,70,74,67,60,68,60,48,74,81,59,71,47,55,53,6,9,11,8,11
104,Lucas Beraldo,https://sofifa.com/player/279709/lucas-lopes-beraldo/240048/,Lucas Lopes Beraldo,CB LB,19y.o.,24-Nov-03,182cm,"6'0""",78kg,172lbs,75,86,€11.5M,€28K,53,34,69,77,30,53,34,69,77,30,66,58,34,71,70,64,73,57,70,58,56,75,63,75,31,80,74,35,59,46,68,72,78,77,11,14,15,12,8
105,J. Kimmich,https://sofifa.com/player/212622/joshua-kimmich/240048/,Joshua Walter Kimmich,CDM RB,28y.o.,8-Feb-95,177cm,"5'10""",75kg,165lbs,87,87,€70M,€110K,91,68,72,88,69,91,68,72,88,69,82,85,76,91,84,77,65,84,87,84,78,78,93,68,83,86,85,80,85,69,86,81,84,78,8,15,7,15,15
106,M. Diaw,https://sofifa.com/player/220820/mory-diaw/240048/,Mory Diaw,GK,30y.o.,22-Jun-93,197cm,"6'6""",98kg,216lbs,75,76,€4.2M,€14K,17,19,22,31,16,17,19,22,31,16,19,18,19,25,24,44,42,33,65,36,55,70,31,72,17,29,18,13,42,29,33,22,19,18,77,74,73,72,78
107,Florentino,https://sofifa.com/player/234569/florentino-morris-luis/240048/,Florentino Ibrain Morris Luís,CDM CM,23y.o.,19-Aug-99,184cm,"6'0""",74kg,163lbs,79,84,€24.5M,€13K,41,35,67,79,36,41,35,67,79,36,72,44,44,76,74,55,60,71,76,65,65,73,81,77,58,78,83,67,69,38,76,79,82,78,6,14,14,10,14
108,M. Beier,https://sofifa.com/player/254117/maximilian-beier/240048/,Maximilian Beier,ST LM RM,20y.o.,17-Oct-02,185cm,"6'1""",72kg,159lbs,76,84,€16.5M,€27K,57,79,64,69,68,57,79,64,69,68,79,65,51,57,77,88,94,82,77,77,77,72,78,50,73,47,22,78,67,64,68,22,21,17,6,8,8,6,13
109,K. Mitoma,https://sofifa.com/player/255565/kaoru-mitoma/240048/,三笘 薫 Kaoru Mitoma,LM,26y.o.,20-May-97,178cm,"5'10""",71kg,157lbs,81,81,€28M,€95K,76,80,52,80,69,76,80,52,80,69,89,71,62,59,85,89,79,89,77,78,69,73,75,62,68,58,57,77,81,63,79,56,59,54,10,13,10,14,9
110,F. Wirtz,https://sofifa.com/player/256630/florian-wirtz/240048/,Florian Richard Wirtz,CAM,20y.o.,3-May-03,177cm,"5'10""",71kg,157lbs,87,92,€118.5M,€77K,82,79,42,90,74,82,79,42,90,74,87,80,64,86,90,81,80,87,86,86,75,61,83,53,75,63,44,83,90,60,84,58,49,44,14,14,13,6,10
111,B. Verbruggen,https://sofifa.com/player/258498/bart-verbruggen/240048/,Bart Verbruggen,GK,20y.o.,18-Aug-02,194cm,"6'4""",89kg,196lbs,75,85,€10.5M,€30K,10,8,15,35,6,10,8,15,35,6,15,11,15,30,18,57,55,52,75,45,55,72,26,72,7,17,19,4,38,21,30,12,17,14,77,71,73,68,80
112,N. Jackson,https://sofifa.com/player/259197/nicolas-jackson/240048/,Nicolas Jackson,ST,22y.o.,20-Jun-01,187cm,"6'2""",78kg,172lbs,78,84,€23M,€89K,53,79,76,75,76,53,79,76,75,76,82,57,53,53,79,82,84,75,74,73,77,89,75,76,75,57,38,80,63,61,74,36,40,37,12,7,12,7,7
113,B. Barcola,https://sofifa.com/player/264652/bradley-barcola/240048/,Bradley Barcola,LW RW,20y.o.,2-Sep-02,186cm,"6'1""",70kg,154lbs,80,87,€42M,€68K,75,77,69,79,73,75,77,69,79,73,82,73,59,63,80,84,87,84,79,64,74,76,73,59,69,60,29,79,79,66,80,25,37,28,8,8,15,6,6
114,Fermín,https://sofifa.com/player/277179/fermin-lopez-marin/240048/,Fermín López Marín,CM LW CAM,20y.o.,11-May-03,174cm,"5'9""",64kg,141lbs,71,82,€4.1M,€48K,47,71,42,75,47,47,71,42,75,47,75,54,45,73,73,75,73,83,72,81,68,48,63,43,69,58,62,67,69,50,63,43,72,60,8,14,8,7,7
115,Dani Olmo,https://sofifa.com/player/244260/daniel-olmo-carvajal/240048/,Daniel Olmo Carvajal,CAM CF,25y.o.,7-May-98,179cm,"5'10""",72kg,159lbs,83,86,€48M,€71K,78,74,43,86,76,78,74,43,86,76,87,75,75,79,86,77,61,86,84,86,79,60,74,54,77,51,57,82,85,66,82,50,50,44,15,15,13,12,11
116,B. Saka,https://sofifa.com/player/246669/bukayo-saka/240048/,Bukayo Saka,RW,21y.o.,5-Sep-01,178cm,"5'10""",65kg,143lbs,86,90,€99M,€150K,85,84,45,82,79,85,84,45,82,79,89,84,69,69,88,88,82,85,85,88,79,70,86,63,83,68,62,82,85,84,81,60,62,60,7,8,13,9,13
117,A. Stiller,https://sofifa.com/player/250959/angelo-stiller/240048/,Angelo Stiller,CM CDM,22y.o.,4-Apr-01,183cm,"6'0""",79kg,174lbs,78,82,€20.5M,€24K,69,49,67,84,45,69,49,67,84,45,76,66,68,81,80,65,55,73,82,79,73,70,85,65,65,68,75,61,79,42,78,74,74,68,7,14,5,9,9
118,Ansu Fati,https://sofifa.com/player/253004/anssumane-fati/240048/,Anssumane Fati,LM ST CAM,20y.o.,31-Oct-02,178cm,"5'10""",66kg,146lbs,77,85,€23M,€81K,69,77,66,73,69,69,77,66,73,69,79,75,73,69,78,91,87,89,74,83,74,72,63,49,72,48,19,77,73,74,82,23,32,28,6,9,8,10,7
119,D. Udogie,https://sofifa.com/player/259583/destiny-udogie/240048/,Iyenoma Destiny Udogie,LB,20y.o.,28-Nov-02,186cm,"6'1""",73kg,161lbs,81,86,€35.5M,€62K,78,64,64,77,58,78,64,64,77,58,80,64,51,65,80,86,89,80,78,70,74,83,83,78,59,79,77,79,75,46,78,75,79,76,8,14,11,10,14
120,J. Kiwior,https://sofifa.com/player/265693/jakub-kiwior/240048/,Jakub Piotr Kiwior,CB LB,23y.o.,15-Feb-00,189cm,"6'2""",75kg,165lbs,76,83,€14M,€64K,58,29,74,72,32,58,29,74,72,32,62,41,34,68,65,63,74,54,78,55,62,79,83,76,28,74,76,57,64,39,71,77,78,76,7,7,6,13,14
121,Pablo Torre,https://sofifa.com/player/267976/pablo-torre-carral/240048/,Pablo Torre Carral,CAM LM CM,20y.o.,3-Apr-03,173cm,"5'8""",63kg,139lbs,74,86,€10M,€67K,75,65,41,77,50,75,65,41,77,50,76,75,79,75,76,76,69,82,69,81,62,54,71,48,68,44,45,70,76,62,70,42,48,46,15,10,15,10,9
122,M. Diaw,https://sofifa.com/player/220820/mory-diaw/240048/,Mory Diaw,GK,30y.o.,22-Jun-93,197cm,"6'6""",98kg,216lbs,75,76,€4.2M,€14K,17,19,22,31,16,17,19,22,31,16,19,18,19,25,24,44,42,33,65,36,55,70,31,72,17,29,18,13,42,29,33,22,19,18,77,74,73,72,78
